,S1-value2,S1-value3,S1-value4,S2-value2,S2-value3,S2-value4,S3-value2,S3-value3,S3-value4,S0-value2,S0-value3,S0-value4,Y
0,18586.0,40985.0,31604.0,20039.0,40982.0,30840.0,2785.0,40979.0,39552.0,2451.0,17.0,39711.0,1
1,19028.0,40980.0,31409.0,20162.0,40980.0,30785.0,2707.0,40979.0,39589.0,2462.0,13.0,39704.0,1
2,19054.0,40980.0,31395.0,20158.0,40983.0,30785.0,2781.0,40980.0,39550.0,2458.0,12.0,39708.0,1
3,19034.0,40983.0,31404.0,20086.0,40982.0,30822.0,2851.0,40979.0,39518.0,2443.0,16.0,39719.0,1
4,18965.0,40981.0,31436.0,20017.0,40980.0,30856.0,2807.0,40980.0,39541.0,2446.0,17.0,39716.0,1
5,18961.0,40979.0,31444.0,20045.0,40982.0,30843.0,2753.0,40980.0,39567.0,2440.0,15.0,39717.0,1
6,18947.0,40979.0,31448.0,20038.0,40981.0,30845.0,2725.0,40978.0,39580.0,2424.0,15.0,39728.0,1
7,18950.0,40980.0,31447.0,20054.0,40979.0,30837.0,2693.0,40982.0,39595.0,2428.0,13.0,39721.0,1
8,18959.0,40978.0,31440.0,20075.0,40977.0,30829.0,2721.0,40978.0,39580.0,2426.0,15.0,39726.0,1
9,18908.0,40980.0,31468.0,19988.0,40979.0,30873.0,2773.0,40979.0,39556.0,2415.0,14.0,39737.0,1
10,18861.0,40979.0,31489.0,19931.0,40983.0,30899.0,2732.0,40978.0,39576.0,2427.0,13.0,39726.0,1
11,18884.0,40979.0,31479.0,19980.0,40980.0,30877.0,2684.0,40978.0,39603.0,2416.0,15.0,39727.0,1
12,18867.0,40979.0,31487.0,19977.0,40979.0,30880.0,2652.0,40979.0,39613.0,2405.0,14.0,39737.0,1
13,18865.0,40978.0,31486.0,19993.0,40981.0,30869.0,2614.0,40981.0,39640.0,2405.0,10.0,39733.0,1
14,18884.0,40980.0,31478.0,20016.0,40980.0,30855.0,2648.0,40981.0,39618.0,2407.0,16.0,39734.0,1
15,18865.0,40981.0,31487.0,19953.0,40983.0,30889.0,2719.0,40980.0,39584.0,2414.0,16.0,39729.0,1
16,18824.0,40979.0,31509.0,19870.0,40980.0,30933.0,2744.0,40974.0,39568.0,2400.0,10.0,39738.0,1
17,18725.0,40982.0,31559.0,19779.0,40979.0,30976.0,2674.0,40979.0,39606.0,2384.0,14.0,39747.0,1
18,18690.0,40982.0,31576.0,19756.0,40983.0,30987.0,2613.0,40979.0,39636.0,2381.0,15.0,39749.0,1
19,18719.0,40981.0,31563.0,19809.0,40979.0,30960.0,2592.0,40980.0,39646.0,2377.0,14.0,39747.0,1
20,18759.0,40977.0,31541.0,19873.0,40977.0,30930.0,2587.0,40981.0,39646.0,2391.0,11.0,39741.0,1
21,18756.0,40981.0,31543.0,19844.0,40982.0,30942.0,2614.0,40978.0,39636.0,2399.0,15.0,39738.0,1
22,18741.0,40978.0,31552.0,19810.0,40981.0,30963.0,2667.0,40979.0,39610.0,2396.0,19.0,39740.0,1
23,18714.0,40983.0,31565.0,19760.0,40981.0,30988.0,2692.0,40979.0,39598.0,2391.0,15.0,39741.0,1
24,18660.0,40980.0,31590.0,19713.0,40983.0,31008.0,2658.0,40979.0,39615.0,2381.0,13.0,39748.0,1
25,18667.0,40982.0,31588.0,19754.0,40982.0,30992.0,2606.0,40975.0,39640.0,2381.0,16.0,39743.0,1
26,18704.0,40978.0,31569.0,19807.0,40985.0,30963.0,2602.0,40979.0,39642.0,2365.0,16.0,39755.0,1
27,18686.0,40980.0,31580.0,19786.0,40980.0,30973.0,2594.0,40981.0,39645.0,2355.0,17.0,39760.0,1
28,18658.0,40978.0,31592.0,19752.0,40983.0,30990.0,2585.0,40978.0,39650.0,2362.0,16.0,39757.0,1
29,18643.0,40981.0,31599.0,19704.0,40980.0,31017.0,2636.0,40980.0,39625.0,2362.0,13.0,39757.0,1
30,18602.0,40980.0,31621.0,19666.0,40982.0,31033.0,2609.0,40977.0,39637.0,2378.0,10.0,39748.0,1
31,18682.0,40981.0,31577.0,19770.0,40981.0,30983.0,2603.0,40980.0,39642.0,2378.0,14.0,39748.0,1
32,18661.0,40983.0,31593.0,19775.0,40980.0,30977.0,2574.0,40978.0,39652.0,2386.0,14.0,39741.0,1
33,18684.0,40980.0,31579.0,19825.0,40979.0,30956.0,2554.0,40979.0,39666.0,2375.0,14.0,39751.0,1
34,18700.0,40978.0,31569.0,19834.0,40980.0,30951.0,2602.0,40980.0,39641.0,2369.0,19.0,39752.0,1
35,18662.0,40979.0,31593.0,19764.0,40982.0,30987.0,2626.0,40981.0,39628.0,2344.0,14.0,39766.0,1
36,18609.0,40983.0,31617.0,19703.0,40980.0,31013.0,2585.0,40979.0,39646.0,2347.0,11.0,39765.0,1
37,18613.0,40979.0,31615.0,19733.0,40981.0,30999.0,2524.0,40977.0,39681.0,7457.0,15.0,37180.0,1
38,41954.0,40986.0,19889.0,46741.0,40987.0,17384.0,10879.0,40979.0,35502.0,7471.0,15.0,37185.0,1
39,41952.0,40982.0,19896.0,46627.0,40985.0,17454.0,10824.0,40979.0,35528.0,7482.0,13.0,37175.0,1
40,41940.0,40987.0,19903.0,46624.0,40986.0,17459.0,10821.0,40980.0,35528.0,7501.0,13.0,37168.0,1
41,42001.0,40989.0,19871.0,46691.0,40986.0,17426.0,10841.0,40978.0,35520.0,7495.0,15.0,37170.0,1
42,41974.0,40985.0,19884.0,46657.0,40985.0,17443.0,10819.0,40981.0,35530.0,7521.0,16.0,37157.0,1
43,42035.0,40985.0,19856.0,46716.0,40985.0,17413.0,10851.0,40977.0,35514.0,7529.0,12.0,37152.0,1
44,42052.0,40985.0,19847.0,46731.0,40985.0,17406.0,10856.0,40982.0,35513.0,7565.0,13.0,37136.0,1
45,42151.0,40986.0,19795.0,46841.0,40985.0,17351.0,10906.0,40981.0,35486.0,7608.0,18.0,37113.0,1
46,42281.0,40981.0,19727.0,46972.0,40985.0,17284.0,10954.0,40978.0,35461.0,7596.0,12.0,37121.0,1
47,42227.0,40985.0,19760.0,46918.0,40982.0,17314.0,10948.0,40979.0,35464.0,7654.0,15.0,37091.0,1
48,42429.0,40981.0,19656.0,47117.0,40985.0,17213.0,11034.0,40978.0,35424.0,7678.0,12.0,37081.0,1
49,42485.0,40985.0,19627.0,47167.0,40985.0,17187.0,11047.0,40981.0,35418.0,7656.0,14.0,37089.0,1
50,42410.0,40988.0,19664.0,47097.0,40986.0,17224.0,11022.0,40975.0,35430.0,7658.0,17.0,37090.0,1
51,42408.0,40987.0,19666.0,47088.0,40987.0,17228.0,11024.0,40980.0,35429.0,7684.0,17.0,37076.0,1
52,42473.0,40986.0,19631.0,47162.0,40983.0,17190.0,11068.0,40980.0,35404.0,7719.0,14.0,37059.0,1
53,42560.0,40984.0,19587.0,47248.0,40986.0,17148.0,11101.0,40982.0,35388.0,7716.0,12.0,37060.0,1
54,42557.0,40985.0,19591.0,47243.0,40989.0,17151.0,11116.0,40980.0,35383.0,7701.0,17.0,37069.0,1
55,42510.0,40987.0,19612.0,47195.0,40984.0,17174.0,11090.0,40980.0,35394.0,7703.0,17.0,37066.0,1
56,42505.0,40986.0,19615.0,47194.0,40987.0,17177.0,11101.0,40979.0,35388.0,7680.0,13.0,37078.0,1
57,42432.0,40983.0,19654.0,47118.0,40983.0,17213.0,11070.0,40980.0,35404.0,7637.0,11.0,37099.0,1
58,42300.0,40989.0,19719.0,46989.0,40985.0,17277.0,11015.0,40979.0,35432.0,7685.0,15.0,37075.0,1
59,42491.0,40985.0,19625.0,47166.0,40986.0,17190.0,11116.0,40980.0,35383.0,7700.0,17.0,37068.0,1
60,42528.0,40987.0,19603.0,47206.0,40985.0,17168.0,11129.0,40978.0,35377.0,7726.0,12.0,37055.0,1
61,42611.0,40986.0,19560.0,47282.0,40986.0,17131.0,11171.0,40980.0,35350.0,7751.0,13.0,37042.0,1
62,42703.0,40984.0,19516.0,47362.0,40987.0,17088.0,11231.0,40982.0,35324.0,7735.0,15.0,37050.0,1
63,42671.0,40986.0,19532.0,47333.0,40988.0,17105.0,11208.0,40976.0,35336.0,7706.0,15.0,37063.0,1
64,42562.0,40984.0,19586.0,47238.0,40985.0,17152.0,11172.0,40979.0,35353.0,7723.0,16.0,37056.0,1
65,42601.0,40986.0,19564.0,49355.0,40984.0,16108.0,18080.0,40978.0,31897.0,9422.0,12.0,36199.0,1
66,45770.0,40983.0,17966.0,49344.0,40986.0,16112.0,18087.0,40982.0,31891.0,9445.0,14.0,36189.0,1
67,45775.0,40985.0,17977.0,49351.0,40982.0,16110.0,18094.0,40980.0,31890.0,9461.0,17.0,36182.0,1
68,45789.0,40982.0,17966.0,49362.0,40984.0,16107.0,18119.0,40977.0,31877.0,9462.0,14.0,36179.0,1
69,45804.0,40983.0,17959.0,49362.0,40984.0,16108.0,18113.0,40982.0,31880.0,9472.0,13.0,36176.0,1
70,45804.0,40986.0,17958.0,49378.0,40989.0,16096.0,18125.0,40979.0,31875.0,9474.0,16.0,36174.0,1
71,45814.0,40985.0,17951.0,49350.0,40984.0,16110.0,18120.0,40981.0,31876.0,9470.0,13.0,36176.0,1
72,45784.0,40983.0,17969.0,49337.0,40985.0,16118.0,18126.0,40977.0,31875.0,9461.0,18.0,36181.0,1
73,45773.0,40988.0,17973.0,49326.0,40983.0,16121.0,18129.0,40981.0,31873.0,9457.0,12.0,36180.0,1
74,45764.0,40983.0,17978.0,49337.0,40984.0,16116.0,18131.0,40980.0,31874.0,9460.0,16.0,36181.0,1
75,45768.0,40985.0,17976.0,49310.0,40983.0,16130.0,18126.0,40982.0,31869.0,9453.0,12.0,36187.0,1
76,45741.0,40984.0,17990.0,49275.0,40987.0,16146.0,18124.0,40981.0,31877.0,9443.0,12.0,36190.0,1
77,45703.0,40985.0,18008.0,49296.0,40985.0,16136.0,18132.0,40982.0,31870.0,9449.0,16.0,36186.0,1
78,45722.0,40988.0,18001.0,49284.0,40986.0,16142.0,18130.0,40981.0,31869.0,9453.0,16.0,36185.0,1
79,45713.0,40987.0,18002.0,49255.0,40984.0,16159.0,18095.0,40981.0,31888.0,9432.0,14.0,36195.0,1
80,45675.0,40983.0,18024.0,49238.0,40984.0,16166.0,18078.0,40979.0,31899.0,9426.0,16.0,36199.0,1
81,45663.0,40985.0,18030.0,49259.0,40985.0,16156.0,18091.0,40980.0,31890.0,9433.0,13.0,36196.0,1
82,45679.0,40986.0,18021.0,49286.0,40985.0,16142.0,18084.0,40982.0,31895.0,9442.0,14.0,36190.0,1
83,45714.0,40985.0,18006.0,49296.0,40986.0,16137.0,18076.0,40980.0,31898.0,9445.0,17.0,36190.0,1
84,45726.0,40986.0,17997.0,49250.0,40986.0,16161.0,18036.0,40983.0,31919.0,9425.0,14.0,36199.0,1
85,45672.0,40988.0,18024.0,49234.0,40983.0,16170.0,18035.0,40981.0,31919.0,9418.0,15.0,36204.0,1
86,45651.0,40984.0,18035.0,49203.0,40985.0,16183.0,18004.0,40978.0,31933.0,9407.0,15.0,36210.0,1
87,45618.0,40987.0,18052.0,49171.0,40984.0,16200.0,17979.0,40980.0,31947.0,9398.0,14.0,36213.0,1
88,45591.0,40986.0,18066.0,49167.0,40987.0,16198.0,17980.0,40980.0,31947.0,9393.0,17.0,36215.0,1
89,45580.0,40987.0,18074.0,49151.0,40986.0,16207.0,17964.0,40984.0,31954.0,9390.0,16.0,36218.0,1
90,45565.0,40987.0,18079.0,49147.0,40984.0,16209.0,17973.0,40983.0,31952.0,9386.0,16.0,36219.0,1
91,45562.0,40987.0,18083.0,49166.0,40983.0,16200.0,17972.0,40982.0,31952.0,9393.0,12.0,36214.0,1
92,45577.0,40984.0,18074.0,49151.0,40986.0,16209.0,17973.0,40979.0,31949.0,9394.0,11.0,36215.0,1
93,45556.0,40985.0,18084.0,49134.0,40985.0,16217.0,17991.0,40982.0,31941.0,9403.0,13.0,36210.0,1
94,45537.0,40987.0,18093.0,49147.0,40986.0,16211.0,18008.0,40980.0,31934.0,9413.0,15.0,36206.0,1
95,45551.0,40985.0,18084.0,49136.0,40984.0,16213.0,17995.0,40980.0,31938.0,9406.0,15.0,36209.0,1
96,45541.0,40984.0,18092.0,49118.0,40985.0,16225.0,17986.0,40980.0,31944.0,9398.0,14.0,36214.0,1
97,45516.0,40988.0,18103.0,35650.0,40984.0,22957.0,2646.0,40982.0,39619.0,4594.0,17.0,38628.0,1
98,30708.0,40983.0,25541.0,35749.0,40983.0,22921.0,2632.0,40982.0,39625.0,4623.0,12.0,38619.0,1
99,30908.0,40984.0,25450.0,35792.0,40985.0,22903.0,2632.0,40981.0,39629.0,4633.0,17.0,38612.0,1
100,30945.0,40980.0,25430.0,35819.0,40988.0,22888.0,2642.0,40978.0,39620.0,4633.0,16.0,38614.0,1
101,30966.0,40980.0,25421.0,35863.0,40987.0,22863.0,2635.0,40982.0,39624.0,4639.0,15.0,38605.0,1
102,30992.0,40982.0,25408.0,35909.0,40986.0,22840.0,2630.0,40978.0,39628.0,4641.0,16.0,38609.0,1
103,31041.0,40983.0,25383.0,35947.0,40985.0,22822.0,2616.0,40980.0,39633.0,4645.0,14.0,38606.0,1
104,31069.0,40982.0,25368.0,35997.0,40984.0,22797.0,2626.0,40981.0,39628.0,4645.0,13.0,38607.0,1
105,31104.0,40982.0,25353.0,36025.0,40985.0,22786.0,2610.0,40981.0,39637.0,4643.0,14.0,38611.0,1
106,31132.0,40978.0,25337.0,36054.0,40986.0,22773.0,2611.0,40982.0,39634.0,4647.0,16.0,38607.0,1
107,31144.0,40981.0,25331.0,36090.0,40985.0,22752.0,2603.0,40979.0,39642.0,4649.0,13.0,38604.0,1
108,31184.0,40986.0,25313.0,36102.0,40985.0,22747.0,2606.0,40979.0,39636.0,4646.0,13.0,38605.0,1
109,31179.0,40982.0,25316.0,36132.0,40986.0,22730.0,2607.0,40978.0,39637.0,4655.0,13.0,38604.0,1
110,31215.0,40984.0,25297.0,36174.0,40987.0,22712.0,2595.0,40980.0,39643.0,4655.0,15.0,38600.0,1
111,31245.0,40986.0,25282.0,36222.0,40984.0,22687.0,2591.0,40981.0,39645.0,4664.0,15.0,38594.0,1
112,31277.0,40982.0,25264.0,36261.0,40981.0,22663.0,2578.0,40979.0,39651.0,4657.0,18.0,38601.0,1
113,31296.0,40983.0,25255.0,36313.0,40985.0,22639.0,2576.0,40979.0,39652.0,4663.0,14.0,38599.0,1
114,31332.0,40983.0,25242.0,36340.0,40988.0,22625.0,2578.0,40982.0,39653.0,4666.0,14.0,38595.0,1
115,31350.0,40980.0,25228.0,36334.0,40983.0,22631.0,2592.0,40979.0,39644.0,4670.0,17.0,38594.0,1
116,31358.0,40984.0,25225.0,36372.0,40984.0,22609.0,2584.0,40979.0,39649.0,4670.0,13.0,38596.0,1
117,31382.0,40983.0,25210.0,36381.0,40983.0,22607.0,2591.0,40978.0,39644.0,4665.0,13.0,38596.0,1
118,31393.0,40983.0,25207.0,36472.0,40987.0,22560.0,2575.0,40981.0,39659.0,4676.0,13.0,38587.0,1
119,31467.0,40984.0,25169.0,36517.0,40984.0,22534.0,2576.0,40979.0,39652.0,4673.0,14.0,38592.0,1
120,31491.0,40982.0,25157.0,36563.0,40983.0,22512.0,2566.0,40980.0,39658.0,4680.0,18.0,38586.0,1
121,31528.0,40981.0,25137.0,36627.0,40984.0,22478.0,2563.0,40981.0,39663.0,4685.0,13.0,38585.0,1
122,31581.0,40985.0,25110.0,36614.0,40987.0,22485.0,2574.0,40981.0,39654.0,4685.0,18.0,38587.0,1
123,31568.0,40986.0,25117.0,49671.0,40987.0,15943.0,9523.0,40980.0,36177.0,4682.0,16.0,38591.0,1
124,46943.0,40987.0,17392.0,49863.0,40982.0,15862.0,9635.0,40979.0,36121.0,6796.0,16.0,37516.0,1
125,47046.0,40987.0,17333.0,49847.0,40985.0,15872.0,9644.0,40979.0,36117.0,6918.0,13.0,37462.0,1
126,47033.0,40986.0,17340.0,49875.0,40987.0,15856.0,9671.0,40979.0,36104.0,6912.0,15.0,37464.0,1
127,47060.0,40986.0,17324.0,49832.0,40983.0,15879.0,9642.0,40977.0,36116.0,6943.0,14.0,37448.0,1
128,47017.0,40981.0,17346.0,49887.0,40985.0,15850.0,9679.0,40980.0,36098.0,6927.0,13.0,37458.0,1
129,47066.0,40987.0,17324.0,50072.0,40987.0,15760.0,9816.0,40980.0,36029.0,6959.0,13.0,37443.0,1
130,47226.0,40984.0,17244.0,50066.0,40986.0,15764.0,9812.0,40983.0,36033.0,7047.0,16.0,37398.0,1
131,47222.0,40984.0,17246.0,50174.0,40986.0,15713.0,9891.0,40976.0,35992.0,7042.0,14.0,37398.0,1
132,47325.0,40986.0,17194.0,50350.0,40984.0,15630.0,10029.0,40977.0,35926.0,7100.0,15.0,37372.0,1
133,47477.0,40984.0,17119.0,50343.0,40987.0,15631.0,10038.0,40980.0,35919.0,7193.0,13.0,37322.0,1
134,47473.0,40983.0,17120.0,50313.0,40983.0,15648.0,10034.0,40981.0,35922.0,7194.0,14.0,37324.0,1
135,47450.0,40984.0,17132.0,50596.0,40982.0,15515.0,10236.0,40978.0,35822.0,7188.0,17.0,37325.0,1
136,47615.0,40985.0,17048.0,51115.0,40983.0,15273.0,10630.0,40983.0,35626.0,7307.0,12.0,37265.0,1
137,48019.0,40982.0,16847.0,51184.0,40985.0,15243.0,10715.0,40979.0,35584.0,7554.0,13.0,37141.0,1
138,48091.0,40983.0,16812.0,51231.0,40985.0,15224.0,10777.0,40980.0,35549.0,7603.0,13.0,37115.0,1
139,48134.0,40987.0,16789.0,51183.0,40986.0,15245.0,10680.0,40978.0,35599.0,7658.0,13.0,37089.0,1
140,48085.0,40981.0,16815.0,51122.0,40985.0,15271.0,10611.0,40977.0,35635.0,7598.0,14.0,37121.0,1
141,48030.0,40982.0,16840.0,51047.0,40986.0,15306.0,10530.0,40980.0,35676.0,7551.0,17.0,37142.0,1
142,47959.0,40985.0,16876.0,50893.0,40981.0,15375.0,10359.0,40979.0,35760.0,7490.0,13.0,37172.0,1
143,47803.0,40982.0,16955.0,50800.0,40986.0,15417.0,10283.0,40977.0,35799.0,7382.0,11.0,37229.0,1
144,47719.0,40986.0,16995.0,50823.0,40987.0,15409.0,10323.0,40976.0,35777.0,7320.0,15.0,37261.0,1
145,47746.0,40988.0,16983.0,50795.0,40987.0,15416.0,10300.0,40978.0,35790.0,7337.0,17.0,37252.0,1
146,47717.0,40982.0,16994.0,50833.0,40983.0,15402.0,10351.0,40981.0,35764.0,7320.0,15.0,37260.0,1
147,47748.0,40984.0,16983.0,50877.0,40981.0,15381.0,10413.0,40983.0,35733.0,7353.0,16.0,37241.0,1
148,47797.0,40983.0,16956.0,50848.0,40983.0,15395.0,10397.0,40981.0,35742.0,7381.0,12.0,37228.0,1
149,47773.0,40984.0,16967.0,46924.0,40985.0,17311.0,8498.0,40977.0,36690.0,7370.0,15.0,37235.0,1
150,41990.0,40985.0,19870.0,47432.0,40986.0,17058.0,8751.0,40975.0,36564.0,6689.0,15.0,37575.0,1
151,42636.0,40985.0,19547.0,46913.0,40988.0,17316.0,8482.0,40979.0,36698.0,6842.0,16.0,37498.0,1
152,42086.0,40987.0,19825.0,47301.0,40984.0,17123.0,8707.0,40981.0,36586.0,6701.0,12.0,37570.0,1
153,42467.0,40984.0,19634.0,48514.0,40986.0,16521.0,9265.0,40978.0,36307.0,6783.0,14.0,37529.0,1
154,43824.0,40983.0,18951.0,47973.0,40988.0,16790.0,9037.0,40981.0,36421.0,7171.0,14.0,37333.0,1
155,43202.0,40986.0,19265.0,47444.0,40987.0,17054.0,8773.0,40981.0,36554.0,6978.0,14.0,37431.0,1
156,42632.0,40986.0,19549.0,47448.0,40988.0,17050.0,8791.0,40980.0,36543.0,6826.0,15.0,37508.0,1
157,42626.0,40982.0,19553.0,47991.0,40985.0,16782.0,9051.0,40979.0,36413.0,6800.0,12.0,37521.0,1
158,43234.0,40986.0,19248.0,48052.0,40987.0,16748.0,9086.0,40979.0,36396.0,6974.0,14.0,37434.0,1
159,43310.0,40982.0,19208.0,47840.0,40986.0,16858.0,8983.0,40978.0,36448.0,6992.0,13.0,37425.0,1
160,43066.0,40984.0,19330.0,47295.0,40986.0,17125.0,8710.0,40975.0,36583.0,6918.0,11.0,37461.0,1
161,42483.0,40983.0,19627.0,47852.0,40987.0,16850.0,8973.0,40981.0,36453.0,6761.0,12.0,37541.0,1
162,43085.0,40988.0,19322.0,48627.0,40987.0,16466.0,9347.0,40979.0,36265.0,6926.0,12.0,37457.0,1
163,43961.0,40984.0,18880.0,48543.0,40989.0,16508.0,9322.0,40978.0,36279.0,7193.0,14.0,37323.0,1
164,43863.0,40985.0,18930.0,48568.0,40983.0,16495.0,9342.0,40978.0,36270.0,7140.0,14.0,37350.0,1
165,43890.0,40983.0,18915.0,49319.0,40987.0,16130.0,9722.0,40978.0,36075.0,7145.0,15.0,37346.0,1
166,44779.0,40984.0,18467.0,49319.0,40984.0,16128.0,9736.0,40981.0,36070.0,7430.0,15.0,37203.0,1
167,44762.0,40985.0,18478.0,49325.0,40987.0,16126.0,9767.0,40979.0,36055.0,7413.0,18.0,37212.0,1
168,44769.0,40985.0,18475.0,49909.0,40989.0,15840.0,10110.0,40980.0,35885.0,7397.0,16.0,37220.0,1
169,45489.0,40982.0,18112.0,50307.0,40982.0,15652.0,10412.0,40979.0,35735.0,7646.0,16.0,37095.0,1
170,46010.0,40985.0,17848.0,50741.0,40985.0,15452.0,10754.0,40981.0,35562.0,7853.0,14.0,36990.0,1
171,46625.0,40986.0,17541.0,50856.0,40983.0,15397.0,10791.0,40979.0,35545.0,8148.0,14.0,36842.0,1
172,46751.0,40985.0,17477.0,50938.0,40985.0,15361.0,10856.0,40978.0,35510.0,8234.0,14.0,36799.0,1
173,46885.0,40983.0,17411.0,51011.0,40985.0,15327.0,11002.0,40977.0,35438.0,8323.0,16.0,36753.0,1
174,47016.0,40985.0,17345.0,51093.0,40984.0,15295.0,11130.0,40981.0,35375.0,8387.0,13.0,36723.0,1
175,47149.0,40986.0,17282.0,51332.0,40982.0,15211.0,11540.0,40978.0,35170.0,8442.0,13.0,36696.0,1
176,47734.0,40984.0,16987.0,51177.0,40985.0,15258.0,11209.0,40977.0,35333.0,8924.0,15.0,36451.0,1
177,47301.0,40983.0,17203.0,51129.0,40983.0,15279.0,11090.0,40979.0,35394.0,8573.0,15.0,36627.0,1
178,47205.0,40984.0,17251.0,46951.0,40987.0,17299.0,12309.0,40979.0,34783.0,8519.0,16.0,36655.0,1
179,40190.0,40982.0,20785.0,48480.0,40986.0,16538.0,13451.0,40977.0,34213.0,8050.0,12.0,36890.0,1
180,42012.0,40986.0,19862.0,47672.0,40984.0,16939.0,12688.0,40981.0,34594.0,8267.0,16.0,36781.0,1
181,40559.0,40984.0,20598.0,47697.0,40985.0,16927.0,12806.0,40979.0,34536.0,8747.0,15.0,36541.0,1
182,40568.0,40981.0,20593.0,47714.0,40987.0,16918.0,12669.0,40977.0,34607.0,8706.0,15.0,36560.0,1
183,40846.0,40988.0,20452.0,45067.0,40987.0,18238.0,11710.0,40981.0,35083.0,8802.0,14.0,36511.0,1
184,38042.0,40985.0,21864.0,47792.0,40986.0,16887.0,13399.0,40978.0,34239.0,8741.0,16.0,36544.0,1
185,41113.0,40987.0,20318.0,49258.0,40985.0,16159.0,14393.0,40977.0,33742.0,7915.0,17.0,36961.0,1
186,42709.0,40986.0,19516.0,49722.0,40985.0,15933.0,14591.0,40979.0,33641.0,8694.0,13.0,36568.0,1
187,43308.0,40985.0,19211.0,49584.0,40985.0,16005.0,14345.0,40979.0,33766.0,9445.0,16.0,36187.0,1
188,43672.0,40985.0,19030.0,48975.0,40986.0,16296.0,13949.0,40979.0,33964.0,9598.0,12.0,36110.0,1
189,42547.0,40983.0,19597.0,49639.0,40983.0,15979.0,15204.0,40980.0,33332.0,9228.0,16.0,36299.0,1
190,43697.0,40985.0,19017.0,50345.0,40989.0,15635.0,15632.0,40980.0,33120.0,9146.0,16.0,36339.0,1
191,44767.0,40986.0,18476.0,49860.0,40986.0,15864.0,15307.0,40980.0,33284.0,9513.0,14.0,36155.0,1
192,43980.0,40984.0,18876.0,49121.0,40984.0,16223.0,14569.0,40979.0,33653.0,9663.0,12.0,36079.0,1
193,42928.0,40987.0,19406.0,49092.0,40985.0,16240.0,14727.0,40977.0,33574.0,9497.0,13.0,36164.0,1
194,42926.0,40983.0,19406.0,49175.0,40983.0,16196.0,14672.0,40980.0,33603.0,9220.0,18.0,36303.0,1
195,42998.0,40981.0,19370.0,49147.0,40984.0,16212.0,14698.0,40982.0,33588.0,9199.0,15.0,36314.0,1
196,42991.0,40983.0,19371.0,49271.0,40986.0,16149.0,14710.0,40978.0,33582.0,9233.0,14.0,36295.0,1
197,43143.0,40987.0,19295.0,49369.0,40987.0,16102.0,14697.0,40979.0,33587.0,9213.0,15.0,36305.0,1
198,43245.0,40987.0,19244.0,49395.0,40984.0,16090.0,14723.0,40980.0,33576.0,9259.0,12.0,36283.0,1
199,43304.0,40984.0,19212.0,49463.0,40982.0,16058.0,14816.0,40978.0,33532.0,9278.0,13.0,36272.0,1
200,43429.0,40988.0,19151.0,49280.0,40984.0,16148.0,14649.0,40975.0,33616.0,9272.0,11.0,36277.0,1
201,43192.0,40982.0,19270.0,49341.0,40988.0,16115.0,14669.0,40980.0,33603.0,9288.0,17.0,36268.0,1
202,43260.0,40984.0,19235.0,49306.0,40985.0,16133.0,14635.0,40981.0,33622.0,9213.0,15.0,36305.0,1
203,43207.0,40985.0,19263.0,49325.0,40985.0,16124.0,14625.0,40980.0,33625.0,9231.0,16.0,36297.0,1
204,43237.0,40985.0,19245.0,49322.0,40982.0,16125.0,14614.0,40978.0,33632.0,9215.0,15.0,36305.0,1
205,43238.0,40983.0,19244.0,49321.0,40984.0,16128.0,14576.0,40978.0,33650.0,9218.0,16.0,36304.0,1
206,43214.0,40987.0,19259.0,34098.0,40985.0,23752.0,1402.0,40977.0,40241.0,9209.0,11.0,36308.0,1
207,28721.0,40981.0,26545.0,34084.0,40985.0,23761.0,1379.0,40978.0,40253.0,9197.0,12.0,36314.0,1
208,28726.0,40982.0,26540.0,34021.0,40986.0,23792.0,1367.0,40978.0,40258.0,4276.0,14.0,38793.0,1
209,28681.0,40982.0,26563.0,34003.0,40982.0,23800.0,1348.0,40980.0,40266.0,4257.0,18.0,38802.0,1
210,28672.0,40982.0,26567.0,33939.0,40984.0,23835.0,1357.0,40978.0,40262.0,4239.0,13.0,38811.0,1
211,28629.0,40984.0,26587.0,33803.0,40984.0,23898.0,1381.0,40980.0,40252.0,4222.0,12.0,38820.0,1
212,28548.0,40981.0,26629.0,33760.0,40984.0,23924.0,1384.0,40979.0,40250.0,4211.0,13.0,38824.0,1
213,28516.0,40985.0,26646.0,33764.0,40983.0,23923.0,1374.0,40978.0,40254.0,4203.0,17.0,38829.0,1
214,28505.0,40986.0,26653.0,33719.0,40985.0,23944.0,1372.0,40978.0,40256.0,4205.0,15.0,38827.0,1
215,28480.0,40981.0,26662.0,33722.0,40985.0,23942.0,1361.0,40977.0,40259.0,4196.0,13.0,38832.0,1
216,28483.0,40984.0,26662.0,33709.0,40984.0,23950.0,1351.0,40980.0,40269.0,4183.0,14.0,38838.0,1
217,28483.0,40982.0,26663.0,33668.0,40986.0,23967.0,1370.0,40977.0,40256.0,4162.0,12.0,38850.0,1
218,28458.0,40982.0,26675.0,33708.0,40985.0,23950.0,1367.0,40977.0,40258.0,4143.0,14.0,38858.0,1
219,28484.0,40985.0,26662.0,33772.0,40987.0,23918.0,1372.0,40979.0,40257.0,4143.0,15.0,38860.0,1
220,28527.0,40980.0,26640.0,33716.0,40983.0,23945.0,1378.0,40979.0,40254.0,4139.0,11.0,38862.0,1
221,28495.0,40981.0,26653.0,33804.0,40982.0,23902.0,1356.0,40980.0,40265.0,4144.0,14.0,38859.0,1
222,28551.0,40982.0,26625.0,33721.0,40985.0,23943.0,1354.0,40977.0,40264.0,4129.0,17.0,38866.0,1
223,28504.0,40983.0,26652.0,33757.0,40984.0,23924.0,1346.0,40979.0,40270.0,4124.0,14.0,38870.0,1
224,28525.0,40982.0,26643.0,33760.0,40981.0,23919.0,1349.0,40976.0,40266.0,4102.0,16.0,38880.0,1
225,28525.0,40981.0,26638.0,33836.0,40981.0,23884.0,1376.0,40979.0,40254.0,4099.0,15.0,38882.0,1
226,28580.0,40983.0,26614.0,33819.0,40983.0,23894.0,1383.0,40978.0,40251.0,4091.0,14.0,38885.0,1
227,28579.0,40983.0,26612.0,33843.0,40987.0,23880.0,1389.0,40977.0,40247.0,4116.0,16.0,38872.0,1
228,28603.0,40984.0,26600.0,33884.0,40987.0,23860.0,1388.0,40977.0,40247.0,4111.0,14.0,38875.0,1
229,28644.0,40981.0,26580.0,33916.0,40985.0,23843.0,1407.0,40980.0,40239.0,4109.0,15.0,38875.0,1
230,28677.0,40981.0,26562.0,33914.0,40985.0,23846.0,1405.0,40979.0,40241.0,4116.0,13.0,38873.0,1
231,28678.0,40982.0,26561.0,34016.0,40983.0,23794.0,1376.0,40977.0,40256.0,4115.0,14.0,38872.0,1
232,28737.0,40981.0,26535.0,34025.0,40984.0,23788.0,1374.0,40982.0,40254.0,4116.0,15.0,38873.0,1
233,28735.0,40981.0,26532.0,34087.0,40986.0,23757.0,1350.0,40983.0,40266.0,4112.0,15.0,38874.0,1
234,28775.0,40984.0,26514.0,34095.0,40981.0,23753.0,1350.0,40979.0,40267.0,4104.0,10.0,38881.0,1
235,28764.0,40983.0,26520.0,34080.0,40984.0,23759.0,1352.0,40978.0,40266.0,4092.0,17.0,38886.0,1
236,28767.0,40983.0,26518.0,40424.0,40986.0,20567.0,1531.0,40981.0,40176.0,4081.0,11.0,38891.0,1
237,32371.0,40986.0,24697.0,40337.0,40985.0,20612.0,1530.0,40978.0,40175.0,4070.0,13.0,38895.0,1
238,32400.0,40984.0,24697.0,40315.0,40985.0,20621.0,1529.0,40979.0,40180.0,4531.0,13.0,38663.0,1
239,32403.0,40982.0,24695.0,40262.0,40987.0,20649.0,1550.0,40977.0,40168.0,4524.0,13.0,38667.0,1
240,32387.0,40983.0,24704.0,40209.0,40983.0,20677.0,1580.0,40977.0,40151.0,4486.0,14.0,38688.0,1
241,32376.0,40983.0,24706.0,40214.0,40985.0,20673.0,1575.0,40977.0,40152.0,4475.0,12.0,38691.0,1
242,32394.0,40984.0,24700.0,40241.0,40983.0,20658.0,1591.0,40977.0,40147.0,4466.0,15.0,38697.0,1
243,32423.0,40985.0,24687.0,40214.0,40985.0,20669.0,1579.0,40982.0,40153.0,4446.0,17.0,38707.0,1
244,32405.0,40982.0,24696.0,40137.0,40986.0,20710.0,1585.0,40979.0,40150.0,4438.0,12.0,38711.0,1
245,32353.0,40984.0,24720.0,40046.0,40986.0,20757.0,1565.0,40980.0,40159.0,4406.0,11.0,38726.0,1
246,32290.0,40983.0,24749.0,39986.0,40984.0,20788.0,1543.0,40979.0,40171.0,4396.0,15.0,38732.0,1
247,32246.0,40985.0,24774.0,40065.0,40986.0,20747.0,1486.0,40981.0,40200.0,4382.0,17.0,38740.0,1
248,32266.0,40983.0,24762.0,40063.0,40984.0,20746.0,1489.0,40979.0,40198.0,4369.0,15.0,38746.0,1
249,32278.0,40983.0,24756.0,40059.0,40985.0,20750.0,1505.0,40977.0,40190.0,4316.0,14.0,38774.0,1
250,32308.0,40982.0,24740.0,40061.0,40984.0,20751.0,1530.0,40978.0,40176.0,4293.0,15.0,38782.0,1
251,32335.0,40982.0,24729.0,40097.0,40984.0,20730.0,1559.0,40982.0,40162.0,4305.0,9.0,38776.0,1
252,32423.0,40983.0,24685.0,40108.0,40985.0,20725.0,1544.0,40980.0,40170.0,4330.0,13.0,38765.0,1
253,32427.0,40981.0,24682.0,40079.0,40986.0,20740.0,1542.0,40980.0,40169.0,4374.0,14.0,38743.0,1
254,32403.0,40983.0,24693.0,40088.0,40990.0,20735.0,1516.0,40980.0,40185.0,4351.0,16.0,38755.0,1
255,32390.0,40983.0,24699.0,40103.0,40982.0,20727.0,1516.0,40982.0,40185.0,4341.0,15.0,38760.0,1
256,32398.0,40987.0,24695.0,40144.0,40986.0,20707.0,1547.0,40979.0,40169.0,4328.0,14.0,38765.0,1
257,32473.0,40980.0,24659.0,40269.0,40983.0,20642.0,1564.0,40978.0,40160.0,4324.0,13.0,38767.0,1
258,32582.0,40985.0,24603.0,40332.0,40982.0,20616.0,1567.0,40981.0,40158.0,4330.0,15.0,38767.0,1
259,32638.0,40981.0,24576.0,40396.0,40984.0,20578.0,1592.0,40979.0,40147.0,4336.0,17.0,38761.0,1
260,32713.0,40985.0,24538.0,40462.0,40988.0,20548.0,1612.0,40978.0,40136.0,4336.0,15.0,38759.0,1
261,32797.0,40986.0,24494.0,40462.0,40984.0,20547.0,1626.0,40977.0,40129.0,4337.0,14.0,38763.0,1
262,32825.0,40985.0,24483.0,40441.0,40986.0,20557.0,1603.0,40977.0,40138.0,4338.0,14.0,38760.0,1
263,32803.0,40984.0,24492.0,40419.0,40988.0,20569.0,1572.0,40981.0,40155.0,4333.0,12.0,38762.0,1
264,32786.0,40984.0,24501.0,40544.0,40984.0,20506.0,1526.0,40977.0,40180.0,4300.0,11.0,38781.0,1
265,32893.0,40982.0,24449.0,45852.0,40985.0,17843.0,10201.0,40976.0,35849.0,4294.0,13.0,38785.0,1
266,41045.0,40985.0,20306.0,45875.0,40988.0,17835.0,10218.0,40978.0,35832.0,4267.0,14.0,38797.0,1
267,41604.0,40988.0,20070.0,45911.0,40986.0,17816.0,10259.0,40978.0,35813.0,6471.0,14.0,37674.0,1
268,41642.0,40985.0,20053.0,45934.0,40987.0,17803.0,10291.0,40980.0,35792.0,6595.0,14.0,37624.0,1
269,41668.0,40985.0,20037.0,45843.0,40986.0,17848.0,10257.0,40978.0,35811.0,6612.0,11.0,37616.0,1
270,41574.0,40986.0,20086.0,45762.0,40988.0,17890.0,10238.0,40978.0,35819.0,6615.0,12.0,37614.0,1
271,41493.0,40984.0,20128.0,45780.0,40987.0,17881.0,10258.0,40978.0,35810.0,6599.0,16.0,37622.0,1
272,41519.0,40984.0,20113.0,45756.0,40988.0,17890.0,10272.0,40978.0,35803.0,6582.0,13.0,37630.0,1
273,41498.0,40984.0,20124.0,45690.0,40988.0,17924.0,10261.0,40980.0,35810.0,6594.0,13.0,37624.0,1
274,41438.0,40984.0,20155.0,45683.0,40988.0,17928.0,10269.0,40981.0,35805.0,6602.0,16.0,37618.0,1
275,41433.0,40981.0,20156.0,45625.0,40984.0,17957.0,10235.0,40980.0,35822.0,6588.0,16.0,37630.0,1
276,41387.0,40983.0,20179.0,45687.0,40987.0,17927.0,10246.0,40978.0,35816.0,6594.0,13.0,37624.0,1
277,41428.0,40981.0,20158.0,45744.0,40986.0,17898.0,10273.0,40978.0,35802.0,6573.0,15.0,37635.0,1
278,41482.0,40984.0,20130.0,45828.0,40986.0,17856.0,10309.0,40981.0,35784.0,6581.0,13.0,37632.0,1
279,41572.0,40984.0,20087.0,45745.0,40986.0,17897.0,10269.0,40980.0,35806.0,6596.0,16.0,37623.0,1
280,41485.0,40986.0,20131.0,45772.0,40987.0,17883.0,10271.0,40979.0,35804.0,6624.0,15.0,37610.0,1
281,41509.0,40987.0,20117.0,45766.0,40987.0,17887.0,10278.0,40979.0,35799.0,6596.0,14.0,37625.0,1
282,41513.0,40984.0,20113.0,45729.0,40987.0,17907.0,10271.0,40980.0,35804.0,6606.0,14.0,37620.0,1
283,41476.0,40986.0,20134.0,45709.0,40988.0,17913.0,10262.0,40977.0,35808.0,6609.0,16.0,37618.0,1
284,41456.0,40984.0,20144.0,45672.0,40984.0,17932.0,10248.0,40979.0,35813.0,6604.0,12.0,37619.0,1
285,41428.0,40984.0,20157.0,45700.0,40984.0,17917.0,10282.0,40979.0,35798.0,6596.0,12.0,37623.0,1
286,41451.0,40986.0,20146.0,45792.0,40985.0,17871.0,10342.0,40979.0,35767.0,6597.0,18.0,37623.0,1
287,41558.0,40988.0,20093.0,45739.0,40985.0,17900.0,10331.0,40982.0,35776.0,6603.0,13.0,37619.0,1
288,41507.0,40985.0,20121.0,45782.0,40986.0,17877.0,10349.0,40978.0,35764.0,6640.0,13.0,37601.0,1
289,41557.0,40985.0,20093.0,45480.0,40983.0,18029.0,10211.0,40979.0,35833.0,6637.0,14.0,37603.0,1
290,41249.0,40983.0,20246.0,37851.0,40987.0,21862.0,1100.0,40981.0,40392.0,6650.0,12.0,37596.0,1
291,41185.0,40983.0,20278.0,37364.0,40982.0,22119.0,8614.0,40977.0,36632.0,6580.0,16.0,37631.0,1
292,30583.0,40981.0,25610.0,32789.0,40982.0,24411.0,1905.0,40978.0,39988.0,6564.0,16.0,37640.0,1
293,32289.0,40982.0,24750.0,33597.0,40984.0,24005.0,1973.0,40982.0,39955.0,5574.0,14.0,38139.0,1
294,26018.0,40980.0,27899.0,33326.0,40984.0,24141.0,4593.0,40979.0,38644.0,6023.0,16.0,37912.0,1
295,26314.0,40979.0,27750.0,32296.0,40984.0,24660.0,2192.0,40981.0,39844.0,4374.0,14.0,38742.0,1
296,26424.0,40981.0,27695.0,32909.0,40983.0,24351.0,4227.0,40978.0,38827.0,4531.0,13.0,38665.0,1
297,25339.0,40981.0,28240.0,34723.0,40984.0,23439.0,6255.0,40979.0,37814.0,4422.0,17.0,38720.0,1
298,26214.0,40981.0,27802.0,32482.0,40982.0,24569.0,1661.0,40981.0,40112.0,4229.0,15.0,38816.0,1
299,28917.0,40983.0,26441.0,32420.0,40984.0,24598.0,2483.0,40978.0,39698.0,4435.0,12.0,38714.0,1
300,25415.0,40980.0,28204.0,31189.0,40983.0,25219.0,3045.0,40981.0,39419.0,5174.0,15.0,38341.0,1
301,25256.0,40980.0,28282.0,33831.0,40987.0,23886.0,1207.0,40978.0,40339.0,4375.0,13.0,38741.0,1
302,24469.0,40981.0,28677.0,32365.0,40983.0,24625.0,2055.0,40978.0,39913.0,4219.0,15.0,38822.0,1
303,26382.0,40981.0,27717.0,34272.0,40981.0,23664.0,911.0,40978.0,40488.0,3965.0,14.0,38950.0,1
304,25292.0,40978.0,28264.0,33848.0,40983.0,23879.0,1211.0,40978.0,40338.0,4334.0,13.0,38766.0,1
305,26782.0,40979.0,27514.0,32877.0,40983.0,24369.0,1327.0,40980.0,40278.0,4137.0,16.0,38862.0,1
306,26635.0,40983.0,27591.0,34313.0,40983.0,23642.0,905.0,40979.0,40488.0,4378.0,14.0,38741.0,1
307,25781.0,40982.0,28015.0,36240.0,40983.0,22673.0,824.0,40975.0,40530.0,4262.0,9.0,38799.0,1
308,26883.0,40982.0,27466.0,37029.0,40983.0,22274.0,818.0,40981.0,40534.0,4198.0,15.0,38831.0,1
309,28426.0,40979.0,26693.0,39177.0,40983.0,21205.0,4439.0,40982.0,38720.0,4439.0,14.0,38709.0,1
310,29106.0,40983.0,26352.0,25760.0,40967.0,29279.0,20518.0,40982.0,30673.0,4729.0,13.0,38566.0,1
311,31870.0,40984.0,24961.0,36160.0,40980.0,23446.0,14685.0,40980.0,33596.0,4816.0,16.0,38520.0,1
312,33015.0,40974.0,25067.0,27617.0,40983.0,27021.0,2947.0,40978.0,39467.0,5314.0,14.0,38269.0,1
313,36505.0,40976.0,22788.0,28861.0,40985.0,26395.0,816.0,40981.0,40533.0,15875.0,18.0,32944.0,1
314,22234.0,40981.0,29797.0,30325.0,40983.0,25653.0,696.0,40980.0,40593.0,10902.0,12.0,35454.0,1
315,23130.0,40982.0,29350.0,31115.0,40983.0,25255.0,705.0,40978.0,40588.0,3774.0,12.0,39047.0,1
316,24189.0,40979.0,28816.0,44564.0,40986.0,18487.0,8923.0,40978.0,36479.0,3488.0,16.0,39187.0,1
317,24785.0,40983.0,28518.0,44540.0,40982.0,18499.0,8941.0,40981.0,36469.0,3613.0,16.0,39128.0,1
318,41597.0,40985.0,20081.0,44619.0,40988.0,18458.0,8979.0,40978.0,36451.0,3714.0,13.0,39075.0,1
319,41572.0,40985.0,20094.0,44703.0,40988.0,18417.0,9038.0,40980.0,36420.0,6323.0,12.0,37761.0,1
320,41640.0,40985.0,20058.0,44872.0,40984.0,18334.0,9116.0,40983.0,36382.0,6336.0,13.0,37753.0,1
321,41731.0,40985.0,20013.0,44868.0,40987.0,18337.0,9121.0,40979.0,36380.0,6354.0,18.0,37746.0,1
322,41907.0,40987.0,19926.0,44732.0,40986.0,18405.0,9077.0,40983.0,36400.0,6376.0,14.0,37734.0,1
323,41899.0,40985.0,19925.0,44772.0,40986.0,18385.0,9096.0,40981.0,36390.0,6423.0,16.0,37712.0,1
324,41776.0,40985.0,19989.0,44756.0,40987.0,18391.0,9106.0,40979.0,36385.0,6420.0,12.0,37712.0,1
325,41806.0,40986.0,19973.0,44704.0,40988.0,18418.0,9089.0,40980.0,36394.0,6397.0,13.0,37724.0,1
326,41786.0,40986.0,19984.0,44591.0,40990.0,18473.0,9047.0,40981.0,36418.0,6407.0,13.0,37719.0,1
327,41736.0,40984.0,20011.0,44613.0,40984.0,18461.0,9062.0,40982.0,36409.0,6401.0,17.0,37722.0,1
328,41638.0,40988.0,20057.0,44448.0,40985.0,18548.0,8995.0,40978.0,36443.0,6400.0,11.0,37723.0,1
329,41651.0,40987.0,20052.0,44439.0,40985.0,18550.0,9009.0,40982.0,36434.0,6381.0,15.0,37734.0,1
330,41485.0,40984.0,20136.0,44499.0,40985.0,18520.0,9033.0,40976.0,36425.0,6384.0,15.0,37728.0,1
331,41484.0,40984.0,20134.0,44605.0,40986.0,18467.0,9081.0,40976.0,36400.0,6342.0,15.0,37752.0,1
332,41537.0,40985.0,20110.0,45234.0,40987.0,18151.0,9366.0,40982.0,36258.0,6349.0,14.0,37749.0,1
333,41640.0,40985.0,20057.0,46467.0,40990.0,17536.0,9939.0,40981.0,35970.0,6355.0,16.0,37745.0,1
334,42253.0,40984.0,19748.0,47053.0,40988.0,17246.0,10197.0,40980.0,35842.0,6386.0,15.0,37731.0,1
335,43459.0,40985.0,19143.0,47003.0,40987.0,17269.0,10194.0,40978.0,35842.0,6536.0,14.0,37654.0,1
336,44025.0,40983.0,18853.0,46979.0,40988.0,17282.0,10193.0,40981.0,35842.0,6845.0,15.0,37498.0,1
337,43985.0,40986.0,18876.0,46537.0,40989.0,17501.0,9997.0,40976.0,35942.0,7006.0,16.0,37420.0,1
338,43969.0,40985.0,18885.0,46447.0,40985.0,17546.0,9966.0,40982.0,35957.0,6999.0,12.0,37422.0,1
339,43536.0,40985.0,19104.0,46426.0,40986.0,17557.0,9956.0,40981.0,35962.0,6991.0,15.0,37426.0,1
340,43444.0,40984.0,19148.0,46372.0,40987.0,17584.0,9932.0,40977.0,35971.0,6885.0,16.0,37478.0,1
341,43427.0,40986.0,19155.0,46288.0,40988.0,17628.0,9903.0,40977.0,35986.0,6856.0,13.0,37493.0,1
342,43366.0,40984.0,19187.0,46202.0,40988.0,17668.0,9867.0,40982.0,36006.0,6856.0,12.0,37493.0,1
343,43300.0,40985.0,19220.0,45916.0,40984.0,17812.0,9738.0,40978.0,36072.0,6841.0,13.0,37501.0,1
344,43206.0,40983.0,19269.0,45919.0,40988.0,17807.0,9740.0,40976.0,36069.0,6826.0,17.0,37506.0,1
345,42931.0,40985.0,19410.0,45783.0,40984.0,17876.0,9679.0,40979.0,36099.0,6800.0,12.0,37520.0,1
346,42930.0,40987.0,19408.0,45803.0,40986.0,17865.0,9681.0,40977.0,36097.0,6727.0,14.0,37558.0,1
347,42808.0,40990.0,19469.0,45790.0,40983.0,17875.0,9679.0,40979.0,36101.0,6725.0,13.0,37559.0,1
348,42820.0,40984.0,19462.0,22712.0,40967.0,31593.0,21364.0,40985.0,30250.0,6699.0,15.0,37572.0,1
349,42804.0,40986.0,19471.0,23068.0,40966.0,31401.0,21421.0,40984.0,30222.0,6702.0,15.0,37569.0,1
350,27762.0,40965.0,28257.0,22863.0,40965.0,31514.0,21498.0,40983.0,30185.0,6700.0,14.0,37571.0,1
351,27488.0,40966.0,28183.0,22932.0,40967.0,31479.0,21533.0,40981.0,30168.0,14574.0,18.0,33600.0,1
352,27446.0,40966.0,28205.0,22702.0,40966.0,31598.0,21572.0,40983.0,30149.0,14607.0,18.0,33588.0,1
353,27570.0,40964.0,28141.0,22033.0,40965.0,31951.0,21665.0,40981.0,30100.0,14579.0,17.0,33601.0,1
354,27487.0,40966.0,28181.0,22810.0,40964.0,31543.0,21681.0,40984.0,30093.0,14568.0,15.0,33607.0,1
355,27009.0,40969.0,28440.0,24785.0,40967.0,30491.0,21629.0,40983.0,30122.0,14584.0,11.0,33598.0,1
356,27597.0,40964.0,28129.0,26036.0,40966.0,29822.0,21608.0,40982.0,30129.0,14617.0,14.0,33580.0,1
357,28895.0,40967.0,27430.0,23862.0,40967.0,30974.0,21722.0,40983.0,30072.0,14533.0,15.0,33623.0,1
358,29787.0,40968.0,26952.0,24973.0,40966.0,30396.0,21726.0,40981.0,30073.0,14335.0,17.0,33723.0,1
359,28335.0,40970.0,27728.0,24648.0,40965.0,30560.0,21751.0,40982.0,30060.0,14192.0,15.0,33797.0,1
360,29027.0,40967.0,27360.0,24127.0,40967.0,30841.0,21788.0,40982.0,30041.0,14367.0,16.0,33709.0,1
361,28817.0,40963.0,27476.0,22721.0,40966.0,31585.0,21870.0,40982.0,29997.0,14245.0,12.0,33768.0,1
362,28471.0,40967.0,27656.0,22819.0,40966.0,31534.0,21841.0,40983.0,30011.0,14276.0,13.0,33753.0,1
363,27508.0,40970.0,28175.0,23240.0,40967.0,31311.0,21834.0,40984.0,30019.0,14308.0,16.0,33738.0,1
364,27620.0,40967.0,28121.0,24090.0,40966.0,30863.0,21782.0,40980.0,30046.0,14425.0,14.0,33678.0,1
365,27880.0,40966.0,27978.0,24941.0,40967.0,30404.0,21731.0,40979.0,30067.0,14429.0,15.0,33676.0,1
366,28499.0,40967.0,27644.0,26653.0,40966.0,29489.0,21627.0,40982.0,30124.0,14362.0,16.0,33710.0,1
367,29081.0,40965.0,27335.0,24219.0,40967.0,30790.0,21742.0,40983.0,30064.0,14289.0,13.0,33748.0,1
368,30364.0,40966.0,26638.0,21249.0,40965.0,32358.0,21887.0,40980.0,29992.0,14186.0,17.0,33800.0,1
369,28725.0,40966.0,27524.0,21794.0,40964.0,32071.0,21872.0,40981.0,29997.0,14013.0,16.0,33887.0,1
370,26648.0,40964.0,28632.0,24271.0,40966.0,30762.0,21742.0,40983.0,30066.0,14264.0,16.0,33759.0,1
371,27048.0,40970.0,28424.0,24808.0,40966.0,30484.0,21709.0,40980.0,30079.0,14565.0,16.0,33609.0,1
372,28751.0,40965.0,27511.0,23703.0,40965.0,31069.0,21813.0,40983.0,30028.0,14508.0,17.0,33635.0,1
373,29172.0,40965.0,27284.0,22217.0,40967.0,31851.0,21918.0,40982.0,29976.0,14261.0,15.0,33762.0,1
374,28274.0,40967.0,27767.0,20848.0,40966.0,32557.0,22019.0,40980.0,29923.0,14197.0,16.0,33794.0,1
375,27228.0,40966.0,28321.0,25490.0,40984.0,28077.0,3805.0,40981.0,39042.0,14269.0,14.0,33757.0,1
376,26227.0,40969.0,28851.0,25995.0,40979.0,27837.0,3882.0,40978.0,39000.0,14404.0,17.0,33690.0,1
377,25506.0,40965.0,29242.0,26227.0,40980.0,27719.0,4012.0,40981.0,38936.0,14526.0,17.0,33625.0,1
378,22037.0,40986.0,29869.0,26359.0,40983.0,27653.0,4077.0,40977.0,38903.0,14641.0,18.0,33568.0,1
379,22882.0,40981.0,29476.0,26445.0,40982.0,27610.0,4106.0,40982.0,38890.0,3000.0,21.0,39400.0,1
380,23079.0,40980.0,29375.0,25921.0,40986.0,27874.0,3884.0,40978.0,38998.0,3708.0,15.0,39080.0,1
381,23181.0,40981.0,29325.0,25965.0,40982.0,27850.0,3904.0,40979.0,38989.0,3750.0,15.0,39059.0,1
382,23251.0,40979.0,29291.0,25870.0,40985.0,27900.0,3860.0,40980.0,39011.0,3782.0,13.0,39042.0,1
383,22796.0,40983.0,29518.0,26034.0,40984.0,27817.0,3942.0,40978.0,38971.0,3798.0,13.0,39035.0,1
384,22835.0,40983.0,29499.0,26365.0,40984.0,27652.0,4112.0,40977.0,38887.0,3699.0,12.0,39082.0,1
385,22747.0,40980.0,29542.0,26545.0,40982.0,27559.0,4209.0,40978.0,38836.0,3706.0,16.0,39079.0,1
386,22890.0,40982.0,29470.0,26538.0,40985.0,27559.0,4216.0,40978.0,38833.0,3688.0,12.0,39088.0,1
387,23183.0,40980.0,29323.0,26468.0,40983.0,27599.0,4182.0,40977.0,38851.0,3716.0,15.0,39074.0,1
388,23332.0,40979.0,29250.0,26946.0,40983.0,27359.0,4403.0,40979.0,38740.0,3788.0,15.0,39038.0,1
389,23332.0,40980.0,29249.0,27204.0,40986.0,27228.0,4510.0,40979.0,38687.0,3820.0,16.0,39024.0,1
390,23261.0,40983.0,29285.0,27245.0,40983.0,27208.0,4530.0,40979.0,38675.0,3825.0,15.0,39021.0,1
391,23666.0,40981.0,29081.0,27305.0,40978.0,27175.0,4559.0,40979.0,38662.0,3805.0,13.0,39030.0,1
392,23882.0,40980.0,28974.0,27451.0,40982.0,27104.0,4634.0,40978.0,38626.0,3897.0,13.0,38981.0,1
393,23920.0,40982.0,28953.0,27435.0,40984.0,27112.0,4619.0,40978.0,38630.0,3941.0,14.0,38960.0,1
394,23975.0,40981.0,28927.0,27549.0,40984.0,27053.0,4675.0,40978.0,38605.0,3949.0,15.0,38958.0,1
395,24100.0,40979.0,28864.0,27577.0,40985.0,27039.0,4697.0,40981.0,38592.0,3962.0,14.0,38950.0,1
396,24077.0,40979.0,28875.0,27587.0,40981.0,27035.0,4712.0,40979.0,38585.0,3989.0,16.0,38937.0,1
397,24172.0,40981.0,28827.0,27694.0,40985.0,26979.0,4768.0,40976.0,38556.0,3984.0,14.0,38940.0,1
398,24196.0,40984.0,28815.0,27847.0,40981.0,26904.0,4843.0,40980.0,38517.0,4000.0,14.0,38930.0,1
399,24200.0,40985.0,28816.0,27901.0,40983.0,26875.0,4874.0,40978.0,38505.0,4014.0,16.0,38926.0,1
400,24293.0,40983.0,28766.0,27903.0,40984.0,26874.0,4874.0,40977.0,38505.0,4012.0,15.0,38926.0,1
401,24422.0,40981.0,28702.0,28018.0,40984.0,26817.0,4932.0,40978.0,38476.0,4037.0,16.0,38914.0,1
402,24474.0,40982.0,28674.0,28076.0,40982.0,26789.0,4956.0,40981.0,38462.0,4062.0,13.0,38899.0,1
403,24469.0,40981.0,28679.0,27854.0,40982.0,26902.0,4868.0,40980.0,38507.0,4081.0,16.0,38891.0,1
404,24560.0,40978.0,28632.0,27729.0,40983.0,26962.0,4831.0,40978.0,38526.0,4081.0,18.0,38889.0,1
405,15669.0,40983.0,33069.0,16254.0,40980.0,32750.0,9174.0,40979.0,36361.0,4669.0,25.0,38533.0,0
406,16050.0,40977.0,32900.0,16333.0,40981.0,32718.0,9039.0,40979.0,36419.0,5677.0,12.0,38089.0,0
407,16049.0,40978.0,32898.0,16338.0,40981.0,32714.0,9037.0,40978.0,36420.0,5681.0,16.0,38087.0,0
408,16040.0,40977.0,32905.0,16335.0,40978.0,32717.0,9041.0,40981.0,36419.0,5677.0,17.0,38090.0,0
409,16045.0,40980.0,32901.0,16332.0,40980.0,32716.0,9041.0,40981.0,36419.0,5676.0,12.0,38087.0,0
410,16043.0,40982.0,32904.0,16333.0,40979.0,32721.0,9041.0,40979.0,36416.0,5678.0,12.0,38086.0,0
411,16043.0,40981.0,32904.0,16336.0,40979.0,32715.0,9045.0,40982.0,36415.0,5677.0,14.0,38084.0,0
412,16041.0,40978.0,32905.0,16332.0,40979.0,32716.0,9046.0,40983.0,36414.0,5674.0,14.0,38091.0,0
413,16038.0,40982.0,32903.0,16330.0,40979.0,32718.0,9044.0,40979.0,36414.0,5675.0,15.0,38091.0,0
414,16040.0,40982.0,32904.0,16332.0,40980.0,32717.0,9045.0,40978.0,36417.0,5674.0,13.0,38090.0,0
415,16036.0,40980.0,32906.0,16336.0,40980.0,32715.0,9050.0,40978.0,36414.0,5674.0,15.0,38090.0,0
416,16036.0,40977.0,32904.0,16331.0,40982.0,32716.0,9047.0,40978.0,36416.0,5676.0,15.0,38087.0,0
417,16036.0,40980.0,32907.0,16330.0,40978.0,32717.0,9051.0,40982.0,36413.0,5672.0,14.0,38089.0,0
418,16033.0,40977.0,32907.0,16333.0,40980.0,32717.0,9047.0,40980.0,36414.0,5674.0,17.0,38089.0,0
419,16035.0,40980.0,32907.0,16333.0,40981.0,32715.0,9048.0,40982.0,36417.0,5673.0,16.0,38089.0,0
420,16038.0,40982.0,32906.0,16335.0,40977.0,32715.0,9050.0,40981.0,36412.0,5679.0,17.0,38087.0,0
421,16032.0,40977.0,32909.0,16333.0,40979.0,32716.0,9052.0,40980.0,36414.0,5674.0,17.0,38086.0,0
422,16026.0,40979.0,32910.0,16334.0,40979.0,32716.0,9052.0,40980.0,36411.0,5676.0,13.0,38086.0,0
423,16031.0,40980.0,32908.0,16327.0,40981.0,32718.0,9049.0,40978.0,36416.0,5673.0,15.0,38092.0,0
424,16034.0,40979.0,32906.0,16334.0,40981.0,32718.0,9054.0,40978.0,36410.0,5677.0,16.0,38086.0,0
425,16032.0,40977.0,32905.0,16329.0,40982.0,32722.0,9051.0,40977.0,36415.0,5676.0,14.0,38088.0,0
426,16032.0,40977.0,32910.0,16330.0,40980.0,32718.0,9050.0,40979.0,36415.0,5679.0,13.0,38084.0,0
427,16032.0,40981.0,32909.0,16328.0,40978.0,32719.0,9054.0,40978.0,36413.0,5675.0,11.0,38088.0,0
428,16030.0,40980.0,32907.0,16331.0,40980.0,32718.0,9054.0,40977.0,36411.0,5671.0,13.0,38090.0,0
429,16034.0,40979.0,32908.0,16327.0,40979.0,32719.0,9051.0,40979.0,36416.0,5676.0,12.0,38089.0,0
430,16030.0,40978.0,32911.0,16334.0,40978.0,32717.0,9056.0,40981.0,36412.0,5675.0,14.0,38089.0,0
431,16033.0,40977.0,32910.0,16332.0,40983.0,32718.0,9057.0,40975.0,36410.0,5672.0,16.0,38090.0,0
432,16029.0,40979.0,32908.0,16333.0,40978.0,32715.0,9059.0,40978.0,36409.0,5674.0,18.0,38090.0,0
433,16031.0,40979.0,32908.0,16336.0,40980.0,32715.0,9055.0,40978.0,36409.0,5678.0,16.0,38087.0,0
434,16028.0,40979.0,32907.0,16333.0,40980.0,32714.0,9051.0,40979.0,36414.0,5677.0,13.0,38087.0,0
435,16029.0,40978.0,32908.0,16332.0,40980.0,32715.0,9059.0,40978.0,36409.0,5675.0,13.0,38089.0,0
436,16032.0,40978.0,32910.0,16333.0,40979.0,32717.0,9056.0,40980.0,36410.0,5679.0,14.0,38087.0,0
437,16031.0,40983.0,32910.0,16334.0,40979.0,32718.0,9059.0,40978.0,36408.0,5676.0,18.0,38086.0,0
438,16033.0,40981.0,32906.0,16337.0,40978.0,32715.0,9057.0,40978.0,36409.0,5675.0,13.0,38089.0,0
439,25360.0,40981.0,28231.0,26897.0,40982.0,27385.0,10573.0,40982.0,35653.0,5678.0,14.0,38087.0,0
440,25061.0,40982.0,28383.0,26552.0,40981.0,27561.0,10399.0,40980.0,35741.0,9350.0,14.0,36239.0,0
441,24031.0,40981.0,28901.0,25391.0,40983.0,28147.0,9927.0,40978.0,35978.0,9278.0,14.0,36274.0,0
442,21445.0,40980.0,30196.0,22477.0,40983.0,29617.0,8738.0,40980.0,36567.0,8949.0,13.0,36441.0,0
443,20751.0,40981.0,30542.0,21730.0,40983.0,29995.0,8468.0,40979.0,36707.0,8103.0,12.0,36867.0,0
444,21217.0,40979.0,30311.0,22250.0,40978.0,29733.0,8664.0,40979.0,36607.0,7842.0,16.0,36999.0,0
445,21925.0,40980.0,29951.0,23040.0,40981.0,29332.0,8982.0,40978.0,36447.0,8009.0,14.0,36910.0,0
446,21966.0,40981.0,29933.0,23087.0,40984.0,29310.0,8991.0,40978.0,36447.0,8256.0,14.0,36789.0,0
447,21720.0,40980.0,30057.0,22808.0,40980.0,29451.0,8879.0,40977.0,36498.0,8262.0,11.0,36788.0,0
448,21784.0,40982.0,30021.0,22895.0,40978.0,29404.0,8917.0,40980.0,36482.0,8184.0,12.0,36826.0,0
449,21996.0,40983.0,29920.0,23130.0,40982.0,29286.0,8999.0,40977.0,36439.0,8200.0,15.0,36818.0,0
450,22340.0,40979.0,29746.0,23514.0,40983.0,29094.0,9151.0,40978.0,36361.0,8283.0,14.0,36774.0,0
451,23067.0,40981.0,29378.0,24345.0,40984.0,28671.0,9490.0,40978.0,36192.0,8401.0,12.0,36716.0,0
452,21820.0,40978.0,30005.0,22916.0,40982.0,29396.0,8877.0,40977.0,36499.0,8631.0,12.0,36601.0,0
453,20633.0,40977.0,30604.0,21605.0,40983.0,30058.0,8382.0,40977.0,36750.0,8236.0,15.0,36798.0,0
454,25013.0,40980.0,28408.0,26491.0,40983.0,27592.0,10290.0,40982.0,35794.0,7790.0,14.0,37022.0,0
455,20422.0,40983.0,30705.0,21375.0,40980.0,30173.0,8292.0,40982.0,36792.0,9278.0,13.0,36271.0,0
456,25238.0,40979.0,28292.0,26763.0,40984.0,27453.0,10431.0,40981.0,35724.0,7717.0,14.0,37063.0,0
457,20574.0,40980.0,30632.0,21519.0,40980.0,30098.0,8297.0,40980.0,36788.0,9336.0,16.0,36248.0,0
458,22633.0,40983.0,29600.0,23846.0,40985.0,28926.0,9243.0,40980.0,36319.0,7791.0,14.0,37021.0,0
459,20747.0,40981.0,30545.0,21742.0,40981.0,29987.0,8427.0,40980.0,36726.0,8500.0,16.0,36666.0,0
460,21273.0,40978.0,30280.0,22320.0,40980.0,29698.0,8613.0,40976.0,36630.0,7825.0,17.0,37004.0,0
461,22702.0,40980.0,29565.0,23955.0,40981.0,28870.0,9324.0,40976.0,36279.0,8031.0,14.0,36901.0,0
462,21833.0,40981.0,30000.0,22986.0,40980.0,29361.0,8953.0,40979.0,36462.0,8488.0,15.0,36671.0,0
463,23877.0,40978.0,28975.0,25249.0,40978.0,28220.0,9875.0,40981.0,36000.0,8159.0,16.0,36838.0,0
464,10947.0,40981.0,35389.0,7478.0,40981.0,37127.0,2341.0,40979.0,39780.0,8852.0,15.0,36489.0,0
465,11283.0,40982.0,35338.0,7574.0,40980.0,37173.0,2308.0,40978.0,39787.0,1458.0,23.0,40116.0,0
466,11367.0,40980.0,35197.0,7646.0,40980.0,37042.0,2384.0,40980.0,39719.0,1613.0,15.0,40168.0,0
467,11453.0,40980.0,35225.0,7712.0,40983.0,37089.0,2391.0,40980.0,39776.0,1675.0,13.0,40064.0,0
468,11511.0,40978.0,35171.0,7761.0,40977.0,37024.0,2422.0,40977.0,39708.0,1677.0,13.0,40135.0,0
469,11553.0,40978.0,35145.0,7792.0,40981.0,36998.0,2464.0,40977.0,39665.0,1674.0,14.0,40092.0,0
470,11577.0,40977.0,35159.0,7808.0,40983.0,37018.0,2449.0,40981.0,39708.0,1669.0,15.0,40093.0,0
471,11611.0,40982.0,35134.0,7833.0,40978.0,37023.0,2449.0,40978.0,39725.0,1691.0,14.0,40099.0,0
472,11612.0,40977.0,35124.0,7840.0,40982.0,36998.0,2460.0,40983.0,39731.0,1707.0,14.0,40115.0,0
473,11618.0,40979.0,35096.0,7847.0,40977.0,36974.0,2476.0,40978.0,39736.0,1700.0,17.0,40095.0,0
474,11627.0,40979.0,35090.0,7845.0,40977.0,36960.0,2511.0,40976.0,39668.0,1710.0,15.0,40056.0,0
475,11652.0,40980.0,35062.0,7862.0,40976.0,36932.0,2521.0,40978.0,39651.0,1685.0,12.0,40072.0,0
476,11670.0,40977.0,35111.0,7878.0,40982.0,36988.0,2504.0,40981.0,39681.0,1688.0,13.0,40055.0,0
477,11710.0,40980.0,35070.0,7906.0,40979.0,36965.0,2516.0,40979.0,39703.0,1688.0,13.0,40111.0,0
478,11691.0,40981.0,35084.0,7876.0,40977.0,36969.0,2521.0,40976.0,39663.0,1720.0,17.0,40079.0,0
479,11710.0,40983.0,35091.0,7894.0,40978.0,36984.0,2504.0,40980.0,39706.0,1693.0,13.0,40091.0,0
480,11625.0,40981.0,35129.0,7820.0,40980.0,37008.0,2492.0,40979.0,39655.0,1720.0,16.0,40098.0,0
481,10275.0,40978.0,35780.0,6742.0,40978.0,37532.0,1974.0,40978.0,39962.0,1683.0,12.0,40109.0,0
482,11258.0,40980.0,35308.0,7594.0,40981.0,37122.0,2363.0,40980.0,39752.0,1474.0,13.0,40191.0,0
483,11705.0,40977.0,35072.0,7993.0,40975.0,36914.0,2536.0,40979.0,39686.0,1634.0,16.0,40129.0,0
484,11815.0,40979.0,35023.0,8058.0,40978.0,36896.0,2537.0,40978.0,39718.0,1727.0,13.0,40065.0,0
485,11829.0,40979.0,35013.0,8057.0,40980.0,36856.0,2603.0,40977.0,39566.0,1769.0,13.0,40064.0,0
486,12171.0,40981.0,34810.0,8307.0,40978.0,36723.0,2757.0,40976.0,39551.0,1713.0,11.0,40081.0,0
487,12283.0,40978.0,34726.0,8395.0,40977.0,36664.0,2802.0,40979.0,39569.0,1756.0,16.0,40024.0,0
488,12278.0,40976.0,34801.0,8370.0,40980.0,36734.0,2781.0,40975.0,39517.0,1799.0,17.0,39983.0,0
489,12354.0,40978.0,34785.0,8424.0,40980.0,36734.0,2786.0,40985.0,39560.0,1764.0,14.0,40068.0,0
490,12280.0,40980.0,34769.0,8373.0,40979.0,36703.0,2775.0,40978.0,39542.0,1794.0,16.0,40066.0,0
491,12095.0,40977.0,34862.0,8245.0,40979.0,36768.0,2732.0,40980.0,39556.0,1804.0,15.0,40019.0,0
492,12426.0,40979.0,34706.0,4141.0,40982.0,38858.0,2753.0,40978.0,39567.0,1770.0,15.0,40032.0,0
493,4116.0,40978.0,38877.0,4140.0,40978.0,38861.0,2734.0,40980.0,39573.0,1834.0,11.0,40014.0,0
494,4163.0,40979.0,38856.0,4142.0,40980.0,38855.0,2741.0,40978.0,39570.0,1496.0,19.0,40189.0,0
495,4162.0,40980.0,38856.0,4140.0,40979.0,38859.0,2738.0,40979.0,39571.0,1523.0,11.0,40179.0,0
496,4159.0,40977.0,38859.0,4146.0,40979.0,38858.0,2743.0,40980.0,39572.0,1527.0,11.0,40178.0,0
497,4158.0,40979.0,38857.0,4145.0,40979.0,38856.0,2744.0,40980.0,39569.0,1527.0,12.0,40174.0,0
498,4157.0,40979.0,38858.0,4144.0,40980.0,38858.0,2745.0,40981.0,39570.0,1528.0,15.0,40176.0,0
499,4156.0,40981.0,38856.0,4143.0,40979.0,38854.0,2738.0,40979.0,39575.0,1523.0,15.0,40179.0,0
500,4161.0,40978.0,38857.0,4145.0,40979.0,38857.0,2738.0,40976.0,39569.0,1526.0,12.0,40174.0,0
501,4155.0,40979.0,38861.0,4141.0,40978.0,38856.0,2743.0,40979.0,39571.0,1524.0,15.0,40180.0,0
502,4157.0,40981.0,38858.0,4143.0,40978.0,38859.0,2742.0,40975.0,39572.0,1523.0,14.0,40178.0,0
503,4159.0,40979.0,38858.0,4142.0,40978.0,38858.0,2746.0,40980.0,39567.0,1524.0,14.0,40178.0,0
504,4160.0,40979.0,38857.0,4144.0,40975.0,38856.0,2746.0,40980.0,39569.0,1529.0,16.0,40178.0,0
505,4157.0,40978.0,38857.0,4139.0,40978.0,38860.0,2742.0,40979.0,39571.0,1526.0,17.0,40175.0,0
506,4156.0,40979.0,38858.0,4141.0,40980.0,38857.0,2745.0,40978.0,39568.0,1528.0,13.0,40177.0,0
507,4154.0,40977.0,38860.0,4140.0,40976.0,38859.0,2747.0,40978.0,39570.0,1524.0,12.0,40179.0,0
508,4153.0,40979.0,38862.0,4143.0,40977.0,38854.0,2741.0,40979.0,39571.0,1522.0,15.0,40180.0,0
509,4155.0,40982.0,38861.0,4140.0,40978.0,38857.0,2746.0,40977.0,39569.0,1527.0,16.0,40179.0,0
510,4151.0,40983.0,38862.0,4139.0,40977.0,38859.0,2744.0,40980.0,39569.0,1526.0,16.0,40177.0,0
511,4148.0,40978.0,38862.0,4141.0,40979.0,38860.0,2744.0,40981.0,39570.0,1528.0,14.0,40176.0,0
512,4156.0,40981.0,38861.0,4143.0,40978.0,38856.0,2744.0,40980.0,39570.0,1529.0,14.0,40178.0,0
513,4155.0,40977.0,38861.0,4143.0,40981.0,38858.0,2745.0,40981.0,39570.0,1520.0,13.0,40181.0,0
514,4149.0,40975.0,38864.0,4141.0,40979.0,38859.0,2743.0,40979.0,39569.0,1523.0,17.0,40180.0,0
515,4153.0,40980.0,38859.0,4143.0,40980.0,38855.0,2747.0,40978.0,39571.0,1528.0,11.0,40177.0,0
516,4149.0,40979.0,38861.0,4142.0,40975.0,38855.0,2747.0,40979.0,39570.0,1523.0,14.0,40181.0,0
517,4149.0,40978.0,38863.0,4134.0,40981.0,38861.0,2747.0,40980.0,39569.0,1527.0,16.0,40178.0,0
518,4152.0,40981.0,38860.0,4136.0,40977.0,38859.0,2745.0,40980.0,39569.0,1527.0,14.0,40178.0,0
519,4150.0,40979.0,38863.0,4141.0,40976.0,38858.0,2749.0,40973.0,39568.0,1523.0,13.0,40178.0,0
520,4149.0,40979.0,38862.0,41179.0,40984.0,20191.0,15147.0,40981.0,33362.0,1524.0,14.0,40179.0,0
521,42177.0,40983.0,19768.0,41142.0,40985.0,20205.0,15151.0,40979.0,33364.0,1526.0,13.0,40177.0,0
522,42212.0,40984.0,19766.0,41116.0,40985.0,20219.0,15147.0,40977.0,33365.0,3210.0,13.0,39329.0,0
523,42185.0,40986.0,19778.0,41077.0,40987.0,20238.0,15152.0,40983.0,33360.0,3217.0,13.0,39325.0,0
524,42151.0,40985.0,19797.0,41049.0,40985.0,20253.0,15146.0,40981.0,33365.0,3214.0,13.0,39328.0,0
525,42119.0,40987.0,19813.0,41029.0,40985.0,20264.0,15150.0,40980.0,33360.0,3214.0,13.0,39328.0,0
526,42098.0,40984.0,19823.0,40995.0,40986.0,20283.0,15141.0,40982.0,33364.0,3212.0,17.0,39330.0,0
527,42069.0,40983.0,19835.0,40976.0,40987.0,20290.0,15153.0,40978.0,33362.0,3210.0,13.0,39329.0,0
528,42054.0,40985.0,19842.0,37432.0,40983.0,22076.0,14399.0,40980.0,33736.0,3211.0,14.0,39330.0,0
529,39076.0,40982.0,21341.0,33801.0,40983.0,23903.0,14439.0,40981.0,33717.0,3205.0,14.0,39331.0,0
530,35823.0,40985.0,22976.0,28516.0,40981.0,26568.0,12685.0,40982.0,34598.0,3020.0,11.0,39425.0,0
531,30465.0,40981.0,25665.0,31177.0,40982.0,25228.0,13767.0,40979.0,34051.0,2756.0,15.0,39557.0,0
532,33153.0,40986.0,24314.0,38572.0,40982.0,21500.0,15785.0,40982.0,33043.0,2428.0,16.0,39722.0,0
533,40451.0,40987.0,20648.0,37674.0,40983.0,21951.0,15580.0,40984.0,33146.0,2609.0,9.0,39631.0,0
534,39643.0,40985.0,21055.0,37735.0,40985.0,21921.0,15592.0,40981.0,33140.0,3025.0,14.0,39422.0,0
535,39695.0,40987.0,21028.0,37627.0,40981.0,21978.0,15481.0,40979.0,33197.0,2971.0,16.0,39448.0,0
536,39616.0,40987.0,21067.0,37561.0,40984.0,22012.0,15294.0,40978.0,33290.0,2971.0,17.0,39449.0,0
537,39247.0,40983.0,21252.0,38368.0,40985.0,21602.0,15499.0,40981.0,33189.0,2967.0,13.0,39449.0,0
538,40007.0,40983.0,20872.0,38367.0,40984.0,21602.0,15503.0,40980.0,33187.0,3001.0,17.0,39436.0,0
539,39998.0,40983.0,20877.0,38372.0,40985.0,21598.0,15514.0,40984.0,33179.0,3035.0,14.0,39416.0,0
540,39999.0,40989.0,20876.0,38365.0,40983.0,21606.0,15512.0,40979.0,33183.0,3033.0,18.0,39418.0,0
541,39994.0,40983.0,20877.0,38362.0,40986.0,21607.0,15508.0,40981.0,33180.0,3033.0,14.0,39419.0,0
542,39992.0,40983.0,20881.0,38354.0,40985.0,21607.0,15509.0,40980.0,33180.0,3036.0,13.0,39416.0,0
543,39984.0,40982.0,20885.0,38349.0,40985.0,21613.0,15519.0,40983.0,33178.0,3032.0,14.0,39417.0,0
544,39978.0,40982.0,20885.0,38344.0,40985.0,21616.0,15518.0,40979.0,33174.0,3035.0,15.0,39416.0,0
545,39962.0,40981.0,20894.0,38333.0,40984.0,21619.0,15516.0,40979.0,33178.0,3029.0,16.0,39420.0,0
546,39963.0,40988.0,20893.0,38329.0,40982.0,21622.0,15519.0,40981.0,33178.0,3031.0,14.0,39420.0,0
547,39959.0,40985.0,20894.0,38314.0,40983.0,21629.0,15519.0,40979.0,33178.0,3032.0,12.0,39420.0,0
548,39950.0,40985.0,20898.0,38316.0,40984.0,21629.0,15528.0,40978.0,33174.0,3033.0,12.0,39417.0,0
549,39939.0,40984.0,20905.0,48789.0,40986.0,16390.0,14523.0,40978.0,33677.0,3036.0,15.0,39418.0,0
550,47277.0,40984.0,17226.0,49047.0,40984.0,16262.0,14521.0,40976.0,33677.0,3032.0,12.0,39419.0,0
551,47410.0,40983.0,17149.0,49806.0,40985.0,15892.0,14486.0,40977.0,33695.0,3544.0,15.0,39156.0,0
552,47896.0,40985.0,16906.0,49965.0,40984.0,15812.0,14476.0,40979.0,33698.0,3595.0,12.0,39135.0,0
553,47993.0,40983.0,16859.0,49949.0,40981.0,15823.0,14473.0,40981.0,33700.0,3694.0,13.0,39087.0,0
554,47983.0,40987.0,16864.0,50079.0,40982.0,15758.0,14467.0,40977.0,33703.0,3710.0,15.0,39078.0,0
555,48048.0,40983.0,16832.0,50145.0,40984.0,15726.0,14485.0,40977.0,33696.0,3710.0,16.0,39075.0,0
556,48065.0,40983.0,16821.0,50323.0,40986.0,15641.0,14458.0,40982.0,33710.0,3725.0,17.0,39070.0,0
557,48166.0,40984.0,16773.0,50526.0,40986.0,15547.0,14391.0,40980.0,33739.0,3729.0,16.0,39065.0,0
558,48258.0,40984.0,16727.0,50592.0,40985.0,15513.0,14366.0,40980.0,33756.0,3752.0,12.0,39058.0,0
559,48288.0,40985.0,16713.0,50631.0,40982.0,15495.0,14362.0,40977.0,33756.0,3798.0,15.0,39034.0,0
560,48298.0,40984.0,16708.0,50609.0,40985.0,15504.0,14373.0,40983.0,33751.0,3816.0,15.0,39026.0,0
561,48289.0,40983.0,16713.0,50565.0,40985.0,15528.0,14400.0,40977.0,33739.0,3819.0,16.0,39023.0,0
562,48269.0,40983.0,16722.0,50584.0,40985.0,15518.0,14402.0,40977.0,33736.0,3820.0,14.0,39023.0,0
563,48271.0,40983.0,16722.0,50782.0,40983.0,15423.0,14313.0,40981.0,33780.0,3812.0,14.0,39027.0,0
564,48343.0,40984.0,16687.0,50857.0,40987.0,15389.0,14260.0,40979.0,33806.0,3811.0,13.0,39027.0,0
565,48365.0,40983.0,16675.0,50894.0,40984.0,15368.0,14234.0,40978.0,33821.0,3856.0,14.0,39006.0,0
566,48375.0,40982.0,16671.0,50926.0,40982.0,15354.0,14197.0,40981.0,33837.0,3877.0,13.0,38993.0,0
567,48378.0,40983.0,16673.0,50963.0,40983.0,15338.0,14161.0,40983.0,33856.0,3886.0,11.0,38989.0,0
568,48383.0,40983.0,16672.0,51026.0,40984.0,15310.0,14077.0,40980.0,33899.0,3899.0,13.0,38983.0,0
569,48392.0,40985.0,16667.0,51059.0,40984.0,15297.0,14026.0,40976.0,33925.0,3910.0,12.0,38975.0,0
570,48393.0,40985.0,16667.0,51090.0,40984.0,15280.0,13970.0,40981.0,33953.0,3932.0,11.0,38966.0,0
571,48399.0,40982.0,16663.0,51168.0,40984.0,15246.0,13815.0,40982.0,34029.0,3944.0,12.0,38959.0,0
